,Couches,Quantité de bon tokens détectés,Details,Title,Annotation
0,0,0,,"A partir de quelle couche de smolLM3 le bon token est détecté parmis le top 10 (non cumulatif)<br>avec une probabilité minimum de 0.01, pour 196 pairs de pays / capitale<br>Méthodes de comparaisons : Text = False, Token ids = True, verif second token = True",Proportion de capitales trouvées : 190 / 196 -> Manquantes : [Brazzaville] [Majuro] [Kingstown] [Sri Jayawardenepura Kotte] [Lomé] [Washington D.C.] 
1,1,0,,,
2,2,0,,,
3,3,0,,,
4,4,0,,,
5,5,0,,,
6,6,0,,,
7,7,0,,,
8,8,0,,,
9,9,0,,,
10,10,0,,,
11,11,0,,,
12,12,0,,,
13,13,0,,,
14,14,0,,,
15,15,0,,,
16,16,0,,,
17,17,0,,,
18,18,0,,,
19,19,0,,,
20,20,0,,,
21,21,0,,,
22,22,0,,,
23,23,0,,,
24,24,0,,,
25,25,0,,,
26,26,1,"<br>Kuwait City [K, u] : 0.012 | top 7",,
27,27,4,"<br>Bissau [B, iss] : 0.016 | top 9<br>Lima [L, ima] : 0.012 | top 7<br>Doha [D, oha] : 0.011 | top 5<br>Hanoi [H, anoi] : 0.013 | top 10",,
28,28,1,"<br>Baku [B, aku] : 0.011 | top 7",,
29,29,0,,,
30,30,4,"<br>Tirana [T, ir] : 0.017 | top 4<br>Yerevan [Y, ere] : 0.030 | top 3<br>Accra [Acc, ra] : 0.019 | top 2<br>Vatican City [V, atican] : 0.018 | top 8",,
31,31,16,"<br>Kabul [K, ab] : 0.016 | top 3<br>Algiers [Alg, iers] : 0.017 | top 5<br>Vienna [Vi, enna] : 0.062 | top 4<br>Tallinn [T, all] : 0.011 | top 3<br>Addis Ababa [Add, is] : 0.044 | top 2<br>Helsinki [H, elsinki] : 0.015 | top 6<br>Budapest [B, ud] : 0.067 | top 2<br>New Delhi [New,  Delhi] : 0.024 | top 3<br>Tripoli [Trip, oli] : 0.013 | top 5<br>Bucharest [B, uch] : 0.015 | top 4<br>Belgrade [Bel, grade] : 0.040 | top 2<br>Bratislava [Br, atis] : 0.025 | top 4<br>Ljubljana [L, j] : 0.030 | top 2<br>Stockholm [Stock, holm] : 0.011 | top 6<br>Damascus [Dam, ascus] : 0.050 | top 3<br>Abu Dhabi [Ab, u] : 0.022 | top 5",,
32,32,18,"<br>Buenos Aires [B, uen] : 0.020 | top 7<br>Dhaka [D, h] : 0.016 | top 4<br>Brussels [Br, ussels] : 0.042 | top 3<br>Sofia [S, of] : 0.014 | top 9<br>Ottawa [O, tt] : 0.014 | top 9<br>Beijing [Be, ijing] : 0.014 | top 6<br>Zagreb [Z, ag] : 0.022 | top 2<br>Prague [Pr, ague] : 0.064 | top 2<br>Baghdad [Bag, hd] : 0.035 | top 3<br>Tokyo [Tok, yo] : 0.012 | top 3<br>Antananarivo [Ant, anan] : 0.026 | top 6<br>Valletta [Val, let] : 0.017 | top 4<br>Managua [Man, agua] : 0.019 | top 7<br>Abuja [Ab, uja] : 0.011 | top 6<br>Panama City [Pan, ama] : 0.013 | top 5<br>Lisbon [L, is] : 0.037 | top 3<br>Kigali [K, ig] : 0.012 | top 10<br>Caracas [Car, acas] : 0.013 | top 10",,
33,33,19,"<br>Canberra [Can, berra] : 0.016 | top 6<br>Sarajevo [S, ar] : 0.056 | top 4<br>Copenhagen [C, openhagen] : 0.028 | top 2<br>Djibouti [D, j] : 0.023 | top 4<br>Reykjavík [Re, yk] : 0.032 | top 2<br>Tehran [T, eh] : 0.055 | top 3<br>Rome [R, ome] : 0.194 | top 2<br>Nairobi [N, airobi] : 0.012 | top 6<br>Bamako [B, am] : 0.029 | top 3<br>Nouakchott [N, ou] : 0.020 | top 6<br>Ulaanbaatar [U, la] : 0.069 | top 1<br>Rabat [R, ab] : 0.025 | top 7<br>Amsterdam [Am, sterdam] : 0.063 | top 3<br>Pyongyang [Py, ongyang] : 0.021 | top 9<br>Manila [Man, ila] : 0.177 | top 1<br>Dakar [D, ak] : 0.044 | top 4<br>Mogadishu [M, og] : 0.064 | top 1<br>Ankara [An, kara] : 0.108 | top 3<br>Sana'a [S, ana] : 0.168 | top 1",,
34,34,2,"<br>Moscow [Mos, cow] : 0.031 | top 6<br>Madrid [Mad, rid] : 0.117 | top 3",,
35,35,81,"<br>Andorra la Vella [And, orra] : 0.057 | top 2<br>Luanda [Lu, anda] : 0.305 | top 1<br>Manama [Man, ama] : 0.863 | top 1<br>Minsk [M, insk] : 0.254 | top 2<br>Porto-Novo [Port, o] : 0.221 | top 1<br>Thimphu [Th, im] : 0.957 | top 1<br>Gaborone [G, abor] : 0.248 | top 1<br>Bandar Seri Begawan [Band, ar] : 0.389 | top 1<br>Ouagadougou [O, u] : 0.871 | top 1<br>Gitega [G, ite] : 0.015 | top 3<br>Praia [P, ra] : 0.019 | top 3<br>Bangui [Bang, ui] : 0.109 | top 2<br>Santiago [S, antiago] : 0.805 | top 1<br>Bogotá [B, og] : 0.578 | top 1<br>Kinshasa [Kin, sh] : 0.637 | top 1<br>Santo Domingo [S, anto] : 0.024 | top 8<br>Quito [Qu, ito] : 0.115 | top 2<br>Cairo [C, airo] : 0.167 | top 2<br>San Salvador [San,  Salvador] : 0.018 | top 7<br>Malabo [Mal, abo] : 0.099 | top 2",,
36,36,44,"<br>Saint John's [Saint,  John] : 0.559 | top 1<br>Nassau [N, ass] : 0.996 | top 1<br>Bridgetown [B, rid] : 0.107 | top 3<br>Belmopan [Bel, m] : 0.200 | top 2<br>Sucre [Su, cre] : 0.014 | top 2<br>Brasília [Br, as] : 0.287 | top 3<br>Phnom Penh [Ph, nom] : 1.000 | top 1<br>Yaoundé [Ya, ound] : 0.930 | top 1<br>N'Djamena [N, 'D] : 0.930 | top 1<br>Moroni [Mor, oni] : 0.941 | top 1<br>San José [San,  José] : 1.000 | top 1<br>Havana [H, avana] : 0.961 | top 1<br>Nicosia [N, icos] : 1.000 | top 1<br>Roseau [Rose, au] : 0.996 | top 1<br>Paris [Paris] : 1.000 | top 1<br>Berlin [Berlin] : 1.000 | top 1<br>Saint George's [Saint,  George] : 0.075 | top 2<br>Guatemala City [Gu, atemala] : 0.992 | top 1<br>Dublin [Dub, lin] : 1.000 | top 1<br>Jerusalem [Jer, usalem] : 0.469 | top 2",,
